# time,glucose,G6P,F6P,FdP,GAP,PEP,PYR,6PG,G1P
0.01,1.72,3.52,0.6,0.27,0.22,2.63,2.72,0.81,0.65
0.02,1.72,3.56,0.61,0.27,0.22,2.59,2.76,0.81,0.65
0.03,1.72,3.6,0.62,0.27,0.22,2.55,2.81,0.81,0.65
0.04,1.72,3.63,0.62,0.27,0.22,2.52,2.85,0.81,0.65
0.05,1.72,3.67,0.63,0.27,0.22,2.5,2.89,0.81,0.65
0.06,1.72,3.7,0.63,0.27,0.22,2.48,2.92,0.81,0.65
0.07,1.72,3.72,0.64,0.28,0.22,2.46,2.96,0.81,0.65
0.08,1.72,3.75,0.64,0.28,0.22,2.44,2.99,0.81,0.65
0.09,1.72,3.78,0.65,0.28,0.22,2.43,3.02,0.81,0.66
0.1,1.72,3.8,0.65,0.28,0.22,2.41,3.05,0.81,0.66
0.11,1.72,3.82,0.66,0.28,0.22,2.4,3.08,0.81,0.66
0.12,1.72,3.84,0.66,0.28,0.22,2.39,3.1,0.81,0.66
0.13,1.72,3.87,0.66,0.28,0.22,2.37,3.13,0.81,0.66
0.14,1.72,3.88,0.67,0.28,0.22,2.36,3.15,0.81,0.66
0.15,1.72,3.9,0.67,0.29,0.22,2.35,3.18,0.81,0.66
0.16,1.72,3.92,0.67,0.29,0.22,2.34,3.2,0.81,0.66
0.17,1.72,3.94,0.68,0.29,0.22,2.33,3.22,0.81,0.66
0.18,1.72,3.96,0.68,0.29,0.22,2.32,3.24,0.81,0.66
0.19,1.72,3.97,0.68,0.29,0.22,2.31,3.26,0.81,0.66
0.2,1.72,3.99,0.68,0.29,0.22,2.3,3.28,0.81,0.66
0.21,1.72,4,0.69,0.3,0.22,2.3,3.3,0.81,0.66
0.22,1.72,4.02,0.69,0.3,0.22,2.29,3.32,0.81,0.66
0.23,1.71,4.03,0.69,0.3,0.22,2.28,3.34,0.81,0.67
0.24,1.71,4.04,0.69,0.3,0.22,2.27,3.36,0.81,0.67
0.25,1.71,4.06,0.7,0.3,0.22,2.26,3.37,0.81,0.67
0.26,1.71,4.07,0.7,0.31,0.22,2.25,3.39,0.81,0.67
0.27,1.71,4.08,0.7,0.31,0.22,2.25,3.41,0.81,0.67
0.28,1.71,4.09,0.7,0.31,0.22,2.24,3.42,0.81,0.67
0.29,1.71,4.1,0.7,0.31,0.22,2.23,3.44,0.81,0.67
0.3,1.71,4.11,0.71,0.32,0.22,2.22,3.45,0.81,0.67
0.31,1.71,4.12,0.71,0.32,0.22,2.22,3.47,0.81,0.67
0.32,1.71,4.13,0.71,0.32,0.22,2.21,3.48,0.81,0.67
0.33,1.71,4.14,0.71,0.32,0.22,2.2,3.5,0.81,0.67
0.34,1.71,4.15,0.71,0.33,0.22,2.2,3.51,0.81,0.68
0.35,1.71,4.16,0.71,0.33,0.22,2.19,3.52,0.81,0.68
0.36,1.71,4.17,0.71,0.33,0.22,2.19,3.54,0.81,0.68
0.37,1.71,4.18,0.72,0.33,0.22,2.18,3.55,0.81,0.68
0.38,1.71,4.18,0.72,0.34,0.23,2.17,3.56,0.81,0.68
0.39,1.71,4.19,0.72,0.34,0.23,2.17,3.57,0.81,0.68
0.4,1.71,4.2,0.72,0.34,0.23,2.16,3.58,0.81,0.68
0.41,1.71,4.21,0.72,0.35,0.23,2.16,3.6,0.81,0.68
0.42,1.71,4.21,0.72,0.35,0.23,2.15,3.61,0.81,0.68
0.43,1.71,4.22,0.72,0.35,0.23,2.15,3.62,0.81,0.68
0.44,1.71,4.23,0.72,0.35,0.23,2.14,3.63,0.81,0.69
0.45,1.71,4.23,0.73,0.36,0.23,2.13,3.64,0.81,0.69
0.46,1.71,4.24,0.73,0.36,0.23,2.13,3.65,0.81,0.69
0.47,1.71,4.25,0.73,0.36,0.23,2.12,3.66,0.81,0.69
0.48,1.71,4.25,0.73,0.37,0.23,2.12,3.67,0.81,0.69
0.49,1.71,4.26,0.73,0.37,0.23,2.11,3.68,0.81,0.69
0.5,1.71,4.26,0.73,0.37,0.23,2.11,3.69,0.81,0.69
0.51,1.71,4.27,0.73,0.37,0.23,2.11,3.7,0.81,0.69
0.52,1.71,4.27,0.73,0.38,0.23,2.1,3.71,0.81,0.69
0.53,1.71,4.28,0.73,0.38,0.23,2.1,3.72,0.81,0.69
0.54,1.71,4.28,0.73,0.38,0.23,2.09,3.73,0.82,0.7
0.55,1.71,4.29,0.74,0.39,0.24,2.09,3.74,0.82,0.7
0.56,1.71,4.29,0.74,0.39,0.24,2.08,3.74,0.82,0.7
0.57,1.71,4.3,0.74,0.39,0.24,2.08,3.75,0.82,0.7
0.58,1.71,4.3,0.74,0.4,0.24,2.08,3.76,0.82,0.7
0.59,1.71,4.31,0.74,0.4,0.24,2.07,3.77,0.82,0.7
0.6,1.71,4.31,0.74,0.4,0.24,2.07,3.78,0.82,0.7
0.61,1.71,4.31,0.74,0.41,0.24,2.07,3.78,0.82,0.7
0.62,1.71,4.32,0.74,0.41,0.24,2.06,3.79,0.82,0.7
0.63,1.71,4.32,0.74,0.41,0.24,2.06,3.8,0.82,0.7
0.64,1.71,4.33,0.74,0.41,0.24,2.05,3.81,0.82,0.7
0.65,1.71,4.33,0.74,0.42,0.24,2.05,3.81,0.82,0.71
0.66,1.71,4.33,0.74,0.42,0.24,2.05,3.82,0.82,0.71
0.67,1.71,4.34,0.74,0.42,0.24,2.04,3.83,0.82,0.71
0.68,1.7,4.34,0.74,0.43,0.24,2.04,3.84,0.82,0.71
0.69,1.7,4.34,0.74,0.43,0.24,2.04,3.84,0.82,0.71
0.7,1.7,4.35,0.74,0.43,0.24,2.04,3.85,0.82,0.71
0.71,1.7,4.35,0.75,0.43,0.25,2.03,3.86,0.82,0.71
0.72,1.7,4.35,0.75,0.44,0.25,2.03,3.86,0.82,0.71
0.73,1.7,4.35,0.75,0.44,0.25,2.03,3.87,0.82,0.71
0.74,1.7,4.36,0.75,0.44,0.25,2.02,3.87,0.82,0.71
0.75,1.7,4.36,0.75,0.45,0.25,2.02,3.88,0.82,0.71
0.76,1.7,4.36,0.75,0.45,0.25,2.02,3.89,0.82,0.72
0.77,1.7,4.37,0.75,0.45,0.25,2.02,3.89,0.82,0.72
0.78,1.7,4.37,0.75,0.45,0.25,2.01,3.9,0.82,0.72
0.79,1.7,4.37,0.75,0.46,0.25,2.01,3.9,0.82,0.72
0.8,1.7,4.37,0.75,0.46,0.25,2.01,3.91,0.82,0.72
0.81,1.7,4.38,0.75,0.46,0.25,2.01,3.92,0.82,0.72
0.82,1.7,4.38,0.75,0.47,0.25,2,3.92,0.82,0.72
0.83,1.7,4.38,0.75,0.47,0.25,2,3.93,0.82,0.72
0.84,1.7,4.38,0.75,0.47,0.25,2,3.93,0.82,0.72
0.85,1.7,4.39,0.75,0.47,0.25,2,3.94,0.82,0.72
0.86,1.7,4.39,0.75,0.48,0.25,2,3.94,0.82,0.72
0.87,1.7,4.39,0.75,0.48,0.25,1.99,3.95,0.82,0.72
0.88,1.7,4.39,0.75,0.48,0.25,1.99,3.95,0.82,0.72
0.89,1.7,4.39,0.75,0.48,0.25,1.99,3.96,0.82,0.73
0.9,1.7,4.4,0.75,0.49,0.26,1.99,3.96,0.82,0.73
0.91,1.7,4.4,0.75,0.49,0.26,1.99,3.97,0.82,0.73
0.92,1.7,4.4,0.75,0.49,0.26,1.99,3.97,0.82,0.73
0.93,1.7,4.4,0.75,0.49,0.26,1.98,3.98,0.82,0.73
0.94,1.7,4.4,0.76,0.5,0.26,1.98,3.98,0.82,0.73
0.95,1.7,4.41,0.76,0.5,0.26,1.98,3.99,0.82,0.73
0.96,1.7,4.41,0.76,0.5,0.26,1.98,3.99,0.82,0.73
0.97,1.7,4.41,0.76,0.5,0.26,1.98,4,0.82,0.73
0.98,1.7,4.41,0.76,0.51,0.26,1.98,4,0.82,0.73
0.99,1.7,4.41,0.76,0.51,0.26,1.98,4,0.82,0.73
1,1.7,4.42,0.76,0.51,0.26,1.97,4.01,0.82,0.73
1.1,1.7,4.43,0.76,0.53,0.26,1.96,4.05,0.83,0.74
1.2,1.7,4.45,0.76,0.55,0.27,1.96,4.08,0.83,0.75
1.3,1.7,4.46,0.77,0.56,0.27,1.96,4.11,0.83,0.75
1.4,1.69,4.48,0.77,0.57,0.27,1.96,4.14,0.83,0.76
1.5,1.69,4.49,0.77,0.58,0.27,1.96,4.16,0.84,0.76
1.6,1.69,4.51,0.77,0.59,0.27,1.97,4.18,0.84,0.77
1.7,1.69,4.52,0.78,0.6,0.27,1.97,4.2,0.84,0.77
1.8,1.69,4.54,0.78,0.6,0.27,1.98,4.22,0.84,0.78
1.9,1.69,4.55,0.78,0.6,0.27,1.99,4.23,0.84,0.78
2,1.69,4.57,0.78,0.6,0.27,2.01,4.24,0.85,0.79
2.1,1.69,4.59,0.79,0.6,0.27,2.02,4.25,0.85,0.79
2.2,1.69,4.6,0.79,0.6,0.27,2.04,4.26,0.85,0.79
2.3,1.68,4.62,0.79,0.59,0.27,2.05,4.27,0.85,0.8
2.4,1.68,4.63,0.8,0.59,0.27,2.07,4.28,0.86,0.8
2.5,1.68,4.65,0.8,0.58,0.26,2.08,4.28,0.86,0.81
2.6,1.68,4.67,0.8,0.58,0.26,2.1,4.29,0.86,0.81
2.7,1.68,4.68,0.8,0.57,0.26,2.12,4.29,0.86,0.81
2.8,1.68,4.7,0.81,0.56,0.26,2.13,4.3,0.86,0.82
2.9,1.68,4.72,0.81,0.56,0.26,2.15,4.3,0.87,0.82
3,1.68,4.73,0.81,0.55,0.26,2.17,4.3,0.87,0.83
3.1,1.68,4.75,0.82,0.54,0.25,2.18,4.3,0.87,0.83
3.2,1.67,4.77,0.82,0.54,0.25,2.2,4.3,0.87,0.83
3.3,1.67,4.78,0.82,0.53,0.25,2.22,4.3,0.88,0.84
3.4,1.67,4.8,0.82,0.52,0.25,2.24,4.3,0.88,0.84
3.5,1.67,4.82,0.83,0.51,0.25,2.25,4.3,0.88,0.84
3.6,1.67,4.83,0.83,0.51,0.25,2.27,4.3,0.88,0.85
3.7,1.67,4.85,0.83,0.5,0.24,2.29,4.3,0.89,0.85
3.8,1.67,4.86,0.84,0.5,0.24,2.3,4.3,0.89,0.85
3.9,1.67,4.88,0.84,0.49,0.24,2.32,4.3,0.89,0.86
4,1.67,4.89,0.84,0.48,0.24,2.33,4.29,0.89,0.86
4.1,1.66,4.91,0.84,0.48,0.24,2.35,4.29,0.89,0.86
4.2,1.66,4.92,0.85,0.47,0.24,2.36,4.29,0.9,0.87
4.3,1.66,4.94,0.85,0.47,0.24,2.38,4.29,0.9,0.87
4.4,1.66,4.95,0.85,0.46,0.24,2.4,4.28,0.9,0.87
4.5,1.66,4.97,0.85,0.46,0.23,2.41,4.28,0.9,0.88
4.6,1.66,4.98,0.86,0.46,0.23,2.42,4.28,0.91,0.88
4.7,1.66,4.99,0.86,0.45,0.23,2.44,4.27,0.91,0.88
4.8,1.66,5.01,0.86,0.45,0.23,2.45,4.27,0.91,0.89
4.9,1.66,5.02,0.86,0.45,0.23,2.47,4.27,0.91,0.89
5,1.66,5.03,0.86,0.44,0.23,2.48,4.26,0.92,0.89
5.1,1.66,5.05,0.87,0.44,0.23,2.5,4.26,0.92,0.9
5.2,1.65,5.06,0.87,0.44,0.23,2.51,4.25,0.92,0.9
5.3,1.65,5.07,0.87,0.44,0.23,2.52,4.25,0.92,0.9
5.4,1.65,5.08,0.87,0.44,0.23,2.54,4.25,0.92,0.9
5.5,1.65,5.09,0.88,0.44,0.23,2.55,4.24,0.93,0.91
5.6,1.65,5.11,0.88,0.43,0.23,2.56,4.24,0.93,0.91
5.7,1.65,5.12,0.88,0.43,0.23,2.57,4.24,0.93,0.91
5.8,1.65,5.13,0.88,0.43,0.23,2.59,4.23,0.93,0.92
5.9,1.65,5.14,0.88,0.43,0.23,2.6,4.23,0.94,0.92
6,1.65,5.15,0.88,0.43,0.23,2.61,4.22,0.94,0.92
6.1,1.65,5.16,0.89,0.43,0.23,2.62,4.22,0.94,0.92
6.2,1.65,5.17,0.89,0.43,0.23,2.64,4.22,0.94,0.93
6.3,1.64,5.18,0.89,0.44,0.23,2.65,4.21,0.94,0.93
6.4,1.64,5.19,0.89,0.44,0.23,2.66,4.21,0.95,0.93
6.5,1.64,5.2,0.89,0.44,0.23,2.67,4.21,0.95,0.93
6.6,1.64,5.21,0.89,0.44,0.23,2.68,4.2,0.95,0.93
6.7,1.64,5.22,0.9,0.44,0.23,2.7,4.2,0.95,0.94
6.8,1.64,5.23,0.9,0.44,0.23,2.71,4.2,0.96,0.94
6.9,1.64,5.24,0.9,0.44,0.23,2.72,4.19,0.96,0.94
7,1.64,5.24,0.9,0.45,0.24,2.73,4.19,0.96,0.94
7.1,1.64,5.25,0.9,0.45,0.24,2.74,4.19,0.96,0.94
7.2,1.64,5.26,0.9,0.45,0.24,2.75,4.18,0.96,0.95
7.3,1.64,5.27,0.91,0.45,0.24,2.77,4.18,0.97,0.95
7.4,1.63,5.28,0.91,0.46,0.24,2.78,4.18,0.97,0.95
7.5,1.63,5.29,0.91,0.46,0.24,2.79,4.18,0.97,0.95
7.6,1.63,5.29,0.91,0.46,0.24,2.8,4.17,0.97,0.95
7.7,1.63,5.3,0.91,0.47,0.24,2.81,4.17,0.97,0.95
7.8,1.63,5.31,0.91,0.47,0.24,2.82,4.17,0.98,0.96
7.9,1.63,5.32,0.91,0.47,0.24,2.83,4.16,0.98,0.96
8,1.63,5.32,0.91,0.48,0.25,2.85,4.16,0.98,0.96
8.1,1.63,5.33,0.92,0.48,0.25,2.86,4.16,0.98,0.96
8.2,1.63,5.34,0.92,0.49,0.25,2.87,4.16,0.98,0.96
8.3,1.63,5.35,0.92,0.49,0.25,2.88,4.15,0.99,0.96
8.4,1.63,5.35,0.92,0.49,0.25,2.89,4.15,0.99,0.96
8.5,1.62,5.36,0.92,0.5,0.25,2.9,4.15,0.99,0.97
8.6,1.62,5.37,0.92,0.5,0.25,2.91,4.15,0.99,0.97
8.7,1.62,5.37,0.92,0.51,0.25,2.92,4.15,0.99,0.97
8.8,1.62,5.38,0.92,0.51,0.26,2.94,4.14,1,0.97
8.9,1.62,5.39,0.93,0.52,0.26,2.95,4.14,1,0.97
9,1.62,5.39,0.93,0.52,0.26,2.96,4.14,1,0.97
9.1,1.62,5.4,0.93,0.53,0.26,2.97,4.14,1,0.97
9.2,1.62,5.4,0.93,0.53,0.26,2.98,4.14,1,0.97
9.3,1.62,5.41,0.93,0.54,0.26,2.99,4.14,1.01,0.97
9.4,1.62,5.42,0.93,0.54,0.27,3,4.13,1.01,0.97
9.5,1.62,5.42,0.93,0.55,0.27,3.01,4.13,1.01,0.98
9.6,1.62,5.43,0.93,0.55,0.27,3.02,4.13,1.01,0.98
9.7,1.61,5.43,0.93,0.56,0.27,3.03,4.13,1.01,0.98
9.8,1.61,5.44,0.93,0.57,0.27,3.04,4.13,1.01,0.98
9.9,1.61,5.44,0.94,0.57,0.27,3.05,4.13,1.02,0.98
10,1.61,5.45,0.94,0.58,0.27,3.06,4.13,1.02,0.98
10.1,1.61,5.46,0.94,0.58,0.28,3.08,4.12,1.02,0.98
10.2,1.61,5.46,0.94,0.59,0.28,3.09,4.12,1.02,0.98
10.3,1.61,5.47,0.94,0.6,0.28,3.1,4.12,1.02,0.98
10.4,1.61,5.47,0.94,0.6,0.28,3.11,4.12,1.03,0.98
10.5,1.61,5.48,0.94,0.61,0.28,3.12,4.12,1.03,0.98
10.6,1.61,5.48,0.94,0.61,0.28,3.13,4.12,1.03,0.98
10.7,1.61,5.49,0.94,0.62,0.29,3.14,4.12,1.03,0.98
10.8,1.6,5.49,0.94,0.63,0.29,3.15,4.12,1.03,0.98
10.9,1.6,5.49,0.94,0.63,0.29,3.16,4.12,1.03,0.98
11,1.6,5.5,0.94,0.64,0.29,3.17,4.12,1.04,0.98
11.1,1.6,5.5,0.95,0.65,0.29,3.18,4.11,1.04,0.98
11.2,1.6,5.51,0.95,0.65,0.3,3.19,4.11,1.04,0.98
11.3,1.6,5.51,0.95,0.66,0.3,3.2,4.11,1.04,0.98
11.4,1.6,5.52,0.95,0.67,0.3,3.21,4.11,1.04,0.98
11.5,1.6,5.52,0.95,0.68,0.3,3.21,4.11,1.04,0.98
11.6,1.6,5.52,0.95,0.68,0.3,3.22,4.11,1.05,0.98
11.7,1.6,5.53,0.95,0.69,0.3,3.23,4.11,1.05,0.98
11.8,1.6,5.53,0.95,0.7,0.31,3.24,4.11,1.05,0.98
11.9,1.6,5.54,0.95,0.7,0.31,3.25,4.11,1.05,0.98
12,1.59,5.54,0.95,0.71,0.31,3.26,4.11,1.05,0.98
12.1,1.59,5.54,0.95,0.72,0.31,3.27,4.11,1.05,0.98
12.2,1.59,5.55,0.95,0.73,0.31,3.28,4.11,1.05,0.98
12.3,1.59,5.55,0.95,0.73,0.32,3.29,4.11,1.06,0.98
12.4,1.59,5.55,0.95,0.74,0.32,3.29,4.11,1.06,0.98
12.5,1.59,5.56,0.95,0.75,0.32,3.3,4.11,1.06,0.98
12.6,1.59,5.56,0.95,0.76,0.32,3.31,4.11,1.06,0.98
12.7,1.59,5.56,0.96,0.77,0.32,3.32,4.11,1.06,0.98
12.8,1.59,5.57,0.96,0.77,0.33,3.33,4.1,1.06,0.98
12.9,1.59,5.57,0.96,0.78,0.33,3.33,4.1,1.07,0.98
13,1.59,5.57,0.96,0.79,0.33,3.34,4.1,1.07,0.98
13.1,1.59,5.57,0.96,0.8,0.33,3.35,4.1,1.07,0.98
13.2,1.58,5.58,0.96,0.81,0.33,3.35,4.1,1.07,0.98
13.3,1.58,5.58,0.96,0.81,0.33,3.36,4.1,1.07,0.98
13.4,1.58,5.58,0.96,0.82,0.34,3.37,4.1,1.07,0.98
13.5,1.58,5.58,0.96,0.83,0.34,3.37,4.1,1.07,0.98
13.6,1.58,5.59,0.96,0.84,0.34,3.38,4.1,1.08,0.98
13.7,1.58,5.59,0.96,0.85,0.34,3.39,4.1,1.08,0.98
13.8,1.58,5.59,0.96,0.86,0.34,3.39,4.1,1.08,0.98
13.9,1.58,5.59,0.96,0.86,0.35,3.4,4.1,1.08,0.98
14,1.58,5.59,0.96,0.87,0.35,3.4,4.1,1.08,0.98
14.1,1.58,5.59,0.96,0.88,0.35,3.41,4.1,1.08,0.97
14.2,1.58,5.6,0.96,0.89,0.35,3.41,4.1,1.08,0.97
14.3,1.57,5.6,0.96,0.9,0.35,3.42,4.1,1.09,0.97
14.4,1.57,5.6,0.96,0.91,0.36,3.42,4.1,1.09,0.97
14.5,1.57,5.6,0.96,0.92,0.36,3.43,4.1,1.09,0.97
14.6,1.57,5.6,0.96,0.93,0.36,3.43,4.1,1.09,0.97
14.7,1.57,5.6,0.96,0.94,0.36,3.43,4.1,1.09,0.97
14.8,1.57,5.6,0.96,0.95,0.36,3.44,4.1,1.09,0.97
14.9,1.57,5.6,0.96,0.95,0.37,3.44,4.1,1.09,0.97
15,1.57,5.6,0.96,0.96,0.37,3.44,4.1,1.1,0.97
15.1,1.57,5.6,0.96,0.97,0.37,3.44,4.1,1.1,0.97
15.2,1.57,5.6,0.96,0.98,0.37,3.44,4.1,1.1,0.96
15.3,1.57,5.6,0.96,0.99,0.37,3.45,4.1,1.1,0.96
15.4,1.57,5.6,0.96,1,0.38,3.45,4.1,1.1,0.96
15.5,1.56,5.6,0.96,1.01,0.38,3.45,4.1,1.1,0.96
15.6,1.56,5.6,0.96,1.02,0.38,3.45,4.1,1.1,0.96
15.7,1.56,5.6,0.96,1.03,0.38,3.45,4.1,1.1,0.96
15.8,1.56,5.6,0.96,1.04,0.38,3.45,4.1,1.11,0.96
15.9,1.56,5.6,0.96,1.05,0.38,3.45,4.1,1.11,0.96
16,1.56,5.59,0.96,1.06,0.39,3.44,4.1,1.11,0.96
16.1,1.56,5.59,0.96,1.07,0.39,3.44,4.1,1.11,0.95
16.2,1.56,5.59,0.96,1.08,0.39,3.44,4.1,1.11,0.95
16.3,1.56,5.59,0.96,1.09,0.39,3.44,4.1,1.11,0.95
16.4,1.56,5.59,0.96,1.1,0.39,3.43,4.1,1.11,0.95
16.5,1.56,5.58,0.96,1.11,0.4,3.43,4.1,1.11,0.95
16.6,1.56,5.58,0.96,1.12,0.4,3.42,4.1,1.12,0.95
16.7,1.55,5.58,0.96,1.13,0.4,3.42,4.1,1.12,0.95
16.8,1.55,5.57,0.96,1.14,0.4,3.41,4.1,1.12,0.94
16.9,1.55,5.57,0.96,1.16,0.4,3.41,4.1,1.12,0.94
17,1.55,5.57,0.96,1.17,0.41,3.4,4.1,1.12,0.94
17.1,1.55,5.56,0.95,1.18,0.41,3.39,4.1,1.12,0.94
17.2,1.55,5.56,0.95,1.19,0.41,3.38,4.1,1.12,0.94
17.3,1.55,5.55,0.95,1.2,0.41,3.38,4.1,1.12,0.93
17.4,1.55,5.55,0.95,1.21,0.41,3.37,4.1,1.12,0.93
17.5,1.55,5.54,0.95,1.22,0.42,3.36,4.1,1.13,0.93
17.6,1.55,5.54,0.95,1.23,0.42,3.34,4.1,1.13,0.93
17.7,1.55,5.53,0.95,1.24,0.42,3.33,4.1,1.13,0.93
17.8,1.54,5.52,0.95,1.26,0.42,3.32,4.1,1.13,0.93
17.9,1.54,5.52,0.95,1.27,0.42,3.31,4.1,1.13,0.92
18,1.54,5.51,0.95,1.28,0.42,3.29,4.1,1.13,0.92
18.1,1.54,5.5,0.94,1.29,0.43,3.28,4.1,1.13,0.92
18.2,1.54,5.49,0.94,1.3,0.43,3.26,4.1,1.13,0.92
18.3,1.54,5.49,0.94,1.32,0.43,3.25,4.1,1.13,0.91
18.4,1.54,5.48,0.94,1.33,0.43,3.23,4.1,1.13,0.91
18.5,1.54,5.47,0.94,1.34,0.43,3.21,4.1,1.14,0.91
18.6,1.54,5.46,0.94,1.35,0.44,3.19,4.1,1.14,0.91
18.7,1.54,5.45,0.93,1.37,0.44,3.17,4.1,1.14,0.9
18.8,1.54,5.44,0.93,1.38,0.44,3.15,4.1,1.14,0.9
18.9,1.54,5.43,0.93,1.39,0.44,3.13,4.1,1.14,0.9
19,1.53,5.42,0.93,1.4,0.44,3.11,4.1,1.14,0.9
19.1,1.53,5.41,0.93,1.42,0.44,3.08,4.1,1.14,0.89
19.2,1.53,5.39,0.92,1.43,0.45,3.06,4.1,1.14,0.89
19.3,1.53,5.38,0.92,1.44,0.45,3.03,4.1,1.14,0.89
19.4,1.53,5.37,0.92,1.45,0.45,3.01,4.1,1.14,0.89
19.5,1.53,5.35,0.92,1.47,0.45,2.98,4.1,1.14,0.88
19.6,1.53,5.34,0.92,1.48,0.45,2.95,4.1,1.14,0.88
19.7,1.53,5.32,0.91,1.49,0.45,2.92,4.1,1.14,0.88
19.8,1.53,5.31,0.91,1.51,0.45,2.89,4.1,1.15,0.87
19.9,1.53,5.29,0.91,1.52,0.46,2.86,4.1,1.15,0.87
20,1.53,5.28,0.9,1.53,0.46,2.82,4.1,1.15,0.87
20.1,1.53,5.26,0.9,1.55,0.46,2.79,4.1,1.15,0.86
20.2,1.52,5.24,0.9,1.56,0.46,2.75,4.1,1.15,0.86
20.3,1.52,5.22,0.89,1.57,0.46,2.72,4.1,1.15,0.86
20.4,1.52,5.2,0.89,1.59,0.46,2.68,4.1,1.15,0.85
20.5,1.52,5.18,0.89,1.6,0.46,2.64,4.1,1.15,0.85
20.6,1.52,5.16,0.88,1.61,0.46,2.6,4.1,1.15,0.84
20.7,1.52,5.14,0.88,1.63,0.47,2.57,4.1,1.15,0.84
20.8,1.52,5.12,0.88,1.64,0.47,2.53,4.1,1.15,0.84
20.9,1.52,5.1,0.87,1.65,0.47,2.48,4.1,1.15,0.83
21,1.52,5.07,0.87,1.67,0.47,2.44,4.1,1.15,0.83
21.1,1.52,5.05,0.87,1.68,0.47,2.4,4.09,1.15,0.82
21.2,1.52,5.03,0.86,1.69,0.47,2.36,4.09,1.15,0.82
21.3,1.51,5,0.86,1.7,0.47,2.32,4.09,1.15,0.82
21.4,1.51,4.98,0.85,1.71,0.47,2.27,4.09,1.15,0.81
21.5,1.51,4.95,0.85,1.72,0.47,2.23,4.09,1.15,0.81
21.6,1.51,4.93,0.84,1.74,0.47,2.19,4.09,1.15,0.8
21.7,1.51,4.9,0.84,1.74,0.47,2.15,4.09,1.15,0.8
21.8,1.51,4.87,0.83,1.75,0.47,2.11,4.09,1.15,0.79
21.9,1.51,4.85,0.83,1.76,0.47,2.06,4.09,1.15,0.79
22,1.51,4.82,0.82,1.77,0.47,2.02,4.09,1.15,0.79
22.1,1.51,4.79,0.82,1.78,0.47,1.98,4.09,1.15,0.78
22.2,1.51,4.76,0.82,1.78,0.47,1.95,4.09,1.15,0.78
22.3,1.51,4.74,0.81,1.79,0.47,1.91,4.09,1.15,0.77
22.4,1.51,4.71,0.81,1.79,0.47,1.87,4.09,1.15,0.77
22.5,1.5,4.68,0.8,1.79,0.47,1.84,4.09,1.15,0.76
22.6,1.5,4.66,0.8,1.8,0.47,1.8,4.09,1.15,0.76
22.7,1.5,4.63,0.79,1.8,0.47,1.77,4.09,1.15,0.75
22.8,1.5,4.61,0.79,1.8,0.46,1.74,4.09,1.15,0.75
22.9,1.5,4.58,0.78,1.79,0.46,1.72,4.09,1.15,0.75
23,1.5,4.56,0.78,1.79,0.46,1.69,4.09,1.15,0.74
23.1,1.5,4.53,0.78,1.79,0.46,1.67,4.09,1.15,0.74
23.2,1.5,4.51,0.77,1.78,0.46,1.65,4.09,1.15,0.73
23.3,1.5,4.49,0.77,1.77,0.46,1.63,4.09,1.15,0.73
23.4,1.5,4.47,0.77,1.77,0.46,1.61,4.09,1.15,0.73
23.5,1.5,4.45,0.76,1.76,0.45,1.6,4.1,1.15,0.72
23.6,1.5,4.43,0.76,1.75,0.45,1.58,4.1,1.15,0.72
23.7,1.49,4.42,0.76,1.74,0.45,1.57,4.1,1.15,0.72
23.8,1.49,4.4,0.75,1.72,0.45,1.56,4.1,1.14,0.71
23.9,1.49,4.38,0.75,1.71,0.45,1.55,4.11,1.14,0.71
24,1.49,4.37,0.75,1.7,0.45,1.55,4.11,1.14,0.71
24.1,1.49,4.36,0.75,1.69,0.44,1.54,4.11,1.14,0.71
24.2,1.49,4.35,0.74,1.67,0.44,1.54,4.12,1.14,0.71
24.3,1.49,4.34,0.74,1.66,0.44,1.54,4.12,1.14,0.7
24.4,1.49,4.33,0.74,1.64,0.44,1.54,4.13,1.14,0.7
24.5,1.49,4.32,0.74,1.63,0.44,1.54,4.13,1.14,0.7
24.6,1.49,4.31,0.74,1.61,0.44,1.54,4.14,1.14,0.7
24.7,1.48,4.3,0.74,1.6,0.44,1.54,4.14,1.14,0.7
24.8,1.48,4.3,0.74,1.58,0.43,1.55,4.15,1.14,0.7
24.9,1.48,4.29,0.74,1.57,0.43,1.55,4.15,1.14,0.7
25,1.48,4.29,0.73,1.55,0.43,1.56,4.16,1.14,0.7
25.1,1.48,4.29,0.73,1.54,0.43,1.56,4.16,1.13,0.69
25.2,1.48,4.28,0.73,1.53,0.43,1.57,4.17,1.13,0.69
25.3,1.48,4.28,0.73,1.51,0.43,1.57,4.18,1.13,0.69
25.4,1.48,4.28,0.73,1.5,0.43,1.58,4.18,1.13,0.69
25.5,1.48,4.28,0.73,1.48,0.42,1.59,4.19,1.13,0.69
25.6,1.48,4.28,0.73,1.47,0.42,1.6,4.19,1.13,0.69
25.7,1.47,4.28,0.73,1.46,0.42,1.6,4.2,1.13,0.69
25.8,1.47,4.28,0.73,1.45,0.42,1.61,4.2,1.13,0.69
25.9,1.47,4.28,0.73,1.44,0.42,1.62,4.21,1.13,0.69
26,1.47,4.28,0.73,1.42,0.42,1.63,4.21,1.13,0.7
26.1,1.47,4.28,0.73,1.41,0.42,1.63,4.22,1.13,0.7
26.2,1.47,4.29,0.73,1.4,0.42,1.64,4.22,1.13,0.7
26.3,1.47,4.29,0.73,1.39,0.42,1.65,4.23,1.13,0.7
26.4,1.47,4.29,0.73,1.39,0.42,1.66,4.23,1.12,0.7
26.5,1.47,4.29,0.74,1.38,0.42,1.66,4.24,1.12,0.7
26.6,1.47,4.29,0.74,1.37,0.41,1.67,4.24,1.12,0.7
26.7,1.46,4.3,0.74,1.36,0.41,1.68,4.24,1.12,0.7
26.8,1.46,4.3,0.74,1.35,0.41,1.69,4.25,1.12,0.7
26.9,1.46,4.3,0.74,1.35,0.41,1.69,4.25,1.12,0.7
27,1.46,4.3,0.74,1.34,0.41,1.7,4.26,1.12,0.7
27.1,1.46,4.31,0.74,1.34,0.41,1.71,4.26,1.12,0.7
27.2,1.46,4.31,0.74,1.33,0.41,1.71,4.26,1.12,0.7
27.3,1.46,4.31,0.74,1.33,0.41,1.72,4.27,1.12,0.7
27.4,1.46,4.31,0.74,1.32,0.41,1.73,4.27,1.12,0.7
27.5,1.46,4.32,0.74,1.32,0.41,1.73,4.27,1.12,0.71
27.6,1.45,4.32,0.74,1.32,0.41,1.74,4.27,1.12,0.71
27.7,1.45,4.32,0.74,1.31,0.41,1.74,4.28,1.12,0.71
27.8,1.45,4.32,0.74,1.31,0.41,1.75,4.28,1.12,0.71
27.9,1.45,4.33,0.74,1.31,0.41,1.75,4.28,1.11,0.71
28,1.45,4.33,0.74,1.31,0.41,1.76,4.28,1.11,0.71
28.1,1.45,4.33,0.74,1.31,0.41,1.76,4.28,1.11,0.71
28.2,1.45,4.33,0.74,1.31,0.41,1.76,4.29,1.11,0.71
28.3,1.45,4.33,0.74,1.31,0.41,1.77,4.29,1.11,0.71
28.4,1.45,4.33,0.74,1.31,0.41,1.77,4.29,1.11,0.71
28.5,1.45,4.34,0.74,1.31,0.41,1.77,4.29,1.11,0.71
28.6,1.44,4.34,0.74,1.31,0.41,1.78,4.29,1.11,0.71
28.7,1.44,4.34,0.74,1.31,0.41,1.78,4.29,1.11,0.71
28.8,1.44,4.34,0.74,1.31,0.41,1.78,4.29,1.11,0.71
28.9,1.44,4.34,0.74,1.31,0.41,1.78,4.29,1.11,0.71
29,1.44,4.34,0.74,1.31,0.42,1.79,4.29,1.11,0.71
29.1,1.44,4.34,0.74,1.32,0.42,1.79,4.29,1.11,0.71
29.2,1.44,4.34,0.74,1.32,0.42,1.79,4.3,1.11,0.71
29.3,1.44,4.34,0.74,1.32,0.42,1.79,4.3,1.11,0.71
29.4,1.44,4.34,0.74,1.32,0.42,1.79,4.3,1.11,0.71
29.5,1.44,4.34,0.74,1.33,0.42,1.79,4.3,1.1,0.71
29.6,1.43,4.34,0.74,1.33,0.42,1.79,4.3,1.1,0.71
29.7,1.43,4.34,0.74,1.33,0.42,1.79,4.3,1.1,0.71
29.8,1.43,4.34,0.74,1.34,0.42,1.79,4.3,1.1,0.71
29.9,1.43,4.34,0.74,1.34,0.42,1.79,4.3,1.1,0.71
30,1.43,4.34,0.74,1.34,0.42,1.79,4.3,1.1,0.71
30.1,1.43,4.34,0.74,1.35,0.42,1.79,4.3,1.1,0.71
30.2,1.43,4.34,0.74,1.35,0.42,1.78,4.3,1.1,0.71
30.3,1.43,4.34,0.74,1.36,0.42,1.78,4.3,1.1,0.71
30.4,1.43,4.33,0.74,1.36,0.42,1.78,4.3,1.1,0.71
30.5,1.42,4.33,0.74,1.37,0.43,1.78,4.3,1.1,0.71
30.6,1.42,4.33,0.74,1.37,0.43,1.77,4.3,1.1,0.71
30.7,1.42,4.33,0.74,1.38,0.43,1.77,4.3,1.1,0.71
30.8,1.42,4.33,0.74,1.38,0.43,1.77,4.3,1.1,0.71
30.9,1.42,4.32,0.74,1.39,0.43,1.76,4.3,1.1,0.71
31,1.42,4.32,0.74,1.39,0.43,1.76,4.3,1.1,0.71
31.1,1.42,4.32,0.74,1.4,0.43,1.75,4.3,1.1,0.71
31.2,1.42,4.31,0.74,1.4,0.43,1.75,4.3,1.1,0.71
31.3,1.42,4.31,0.74,1.41,0.43,1.75,4.3,1.1,0.71
31.4,1.42,4.31,0.74,1.41,0.43,1.74,4.29,1.09,0.71
31.5,1.41,4.3,0.74,1.42,0.43,1.74,4.29,1.09,0.71
31.6,1.41,4.3,0.74,1.42,0.43,1.73,4.29,1.09,0.71
31.7,1.41,4.3,0.74,1.43,0.43,1.72,4.29,1.09,0.7
31.8,1.41,4.29,0.73,1.43,0.43,1.72,4.29,1.09,0.7
31.9,1.41,4.29,0.73,1.44,0.44,1.71,4.29,1.09,0.7
32,1.41,4.28,0.73,1.44,0.44,1.71,4.29,1.09,0.7
32.1,1.41,4.28,0.73,1.45,0.44,1.7,4.29,1.09,0.7
32.2,1.41,4.27,0.73,1.45,0.44,1.69,4.29,1.09,0.7
32.3,1.41,4.27,0.73,1.46,0.44,1.68,4.29,1.09,0.7
32.4,1.41,4.26,0.73,1.46,0.44,1.68,4.29,1.09,0.7
32.5,1.4,4.26,0.73,1.47,0.44,1.67,4.29,1.09,0.7
32.6,1.4,4.25,0.73,1.47,0.44,1.66,4.29,1.09,0.7
32.7,1.4,4.25,0.73,1.48,0.44,1.66,4.29,1.09,0.69
32.8,1.4,4.24,0.73,1.48,0.44,1.65,4.29,1.09,0.69
32.9,1.4,4.24,0.73,1.49,0.44,1.64,4.29,1.09,0.69
33,1.4,4.23,0.72,1.49,0.44,1.63,4.29,1.08,0.69
33.1,1.4,4.22,0.72,1.5,0.44,1.62,4.29,1.08,0.69
33.2,1.4,4.22,0.72,1.5,0.44,1.62,4.29,1.08,0.69
33.3,1.4,4.21,0.72,1.51,0.44,1.61,4.29,1.08,0.69
33.4,1.39,4.21,0.72,1.51,0.44,1.6,4.28,1.08,0.69
33.5,1.39,4.2,0.72,1.51,0.44,1.59,4.28,1.08,0.69
33.6,1.39,4.19,0.72,1.52,0.44,1.58,4.28,1.08,0.68
33.7,1.39,4.19,0.72,1.52,0.44,1.58,4.28,1.08,0.68
33.8,1.39,4.18,0.72,1.52,0.44,1.57,4.28,1.08,0.68
33.9,1.39,4.17,0.71,1.53,0.44,1.56,4.28,1.08,0.68
34,1.39,4.17,0.71,1.53,0.44,1.55,4.28,1.08,0.68
34.1,1.39,4.16,0.71,1.53,0.45,1.54,4.28,1.08,0.68
34.2,1.39,4.15,0.71,1.54,0.45,1.54,4.28,1.08,0.68
34.3,1.39,4.15,0.71,1.54,0.45,1.53,4.28,1.08,0.68
34.4,1.38,4.14,0.71,1.54,0.45,1.52,4.28,1.07,0.67
34.5,1.38,4.13,0.71,1.54,0.45,1.51,4.28,1.07,0.67
34.6,1.38,4.13,0.71,1.54,0.45,1.51,4.28,1.07,0.67
34.7,1.38,4.12,0.71,1.55,0.45,1.5,4.28,1.07,0.67
34.8,1.38,4.11,0.7,1.55,0.45,1.49,4.28,1.07,0.67
34.9,1.38,4.11,0.7,1.55,0.45,1.49,4.28,1.07,0.67
35,1.38,4.1,0.7,1.55,0.45,1.48,4.28,1.07,0.67
35.1,1.38,4.1,0.7,1.55,0.45,1.47,4.28,1.07,0.67
35.2,1.38,4.09,0.7,1.55,0.45,1.47,4.28,1.07,0.66
35.3,1.38,4.08,0.7,1.55,0.45,1.46,4.28,1.07,0.66
35.4,1.37,4.08,0.7,1.55,0.45,1.45,4.28,1.07,0.66
35.5,1.37,4.07,0.7,1.55,0.45,1.45,4.28,1.07,0.66
35.6,1.37,4.07,0.7,1.55,0.45,1.44,4.28,1.07,0.66
35.7,1.37,4.06,0.7,1.55,0.44,1.44,4.28,1.06,0.66
35.8,1.37,4.06,0.69,1.55,0.44,1.43,4.28,1.06,0.66
35.9,1.37,4.05,0.69,1.55,0.44,1.43,4.28,1.06,0.66
36,1.37,4.05,0.69,1.55,0.44,1.42,4.28,1.06,0.66
36.1,1.37,4.04,0.69,1.55,0.44,1.42,4.28,1.06,0.66
36.2,1.37,4.03,0.69,1.55,0.44,1.41,4.28,1.06,0.66
36.3,1.37,4.03,0.69,1.55,0.44,1.41,4.28,1.06,0.65
36.4,1.36,4.03,0.69,1.55,0.44,1.41,4.28,1.06,0.65
36.5,1.36,4.02,0.69,1.54,0.44,1.4,4.28,1.06,0.65
36.6,1.36,4.02,0.69,1.54,0.44,1.4,4.28,1.06,0.65
36.7,1.36,4.01,0.69,1.54,0.44,1.4,4.28,1.06,0.65
36.8,1.36,4.01,0.69,1.54,0.44,1.39,4.28,1.05,0.65
36.9,1.36,4,0.69,1.54,0.44,1.39,4.29,1.05,0.65
37,1.36,4,0.68,1.54,0.44,1.39,4.29,1.05,0.65
37.1,1.36,4,0.68,1.53,0.44,1.39,4.29,1.05,0.65
37.2,1.36,3.99,0.68,1.53,0.44,1.38,4.29,1.05,0.65
37.3,1.35,3.99,0.68,1.53,0.44,1.38,4.29,1.05,0.65
37.4,1.35,3.99,0.68,1.53,0.44,1.38,4.29,1.05,0.65
37.5,1.35,3.98,0.68,1.53,0.44,1.38,4.29,1.05,0.65
37.6,1.35,3.98,0.68,1.52,0.44,1.38,4.29,1.05,0.65
37.7,1.35,3.98,0.68,1.52,0.44,1.37,4.29,1.05,0.65
37.8,1.35,3.97,0.68,1.52,0.44,1.37,4.29,1.05,0.64
37.9,1.35,3.97,0.68,1.52,0.44,1.37,4.29,1.04,0.64
38,1.35,3.97,0.68,1.52,0.44,1.37,4.29,1.04,0.64
38.1,1.35,3.97,0.68,1.51,0.44,1.37,4.29,1.04,0.64
38.2,1.35,3.96,0.68,1.51,0.44,1.37,4.29,1.04,0.64
38.3,1.34,3.96,0.68,1.51,0.44,1.37,4.3,1.04,0.64
38.4,1.34,3.96,0.68,1.51,0.44,1.36,4.3,1.04,0.64
38.5,1.34,3.96,0.68,1.51,0.44,1.36,4.3,1.04,0.64
38.6,1.34,3.95,0.68,1.5,0.44,1.36,4.3,1.04,0.64
38.7,1.34,3.95,0.68,1.5,0.44,1.36,4.3,1.04,0.64
38.8,1.34,3.95,0.68,1.5,0.44,1.36,4.3,1.04,0.64
38.9,1.34,3.95,0.68,1.5,0.44,1.36,4.3,1.04,0.64
39,1.34,3.95,0.68,1.5,0.44,1.36,4.3,1.03,0.64
39.1,1.34,3.94,0.68,1.5,0.44,1.36,4.3,1.03,0.64
39.2,1.34,3.94,0.68,1.49,0.44,1.36,4.3,1.03,0.64
39.3,1.33,3.94,0.67,1.49,0.44,1.36,4.3,1.03,0.64
39.4,1.33,3.94,0.67,1.49,0.44,1.36,4.3,1.03,0.64
39.5,1.33,3.94,0.67,1.49,0.44,1.36,4.3,1.03,0.64
39.6,1.33,3.94,0.67,1.49,0.44,1.36,4.3,1.03,0.64
39.7,1.33,3.94,0.67,1.48,0.44,1.36,4.31,1.03,0.64
39.8,1.33,3.94,0.67,1.48,0.44,1.36,4.31,1.03,0.64
39.9,1.33,3.93,0.67,1.48,0.44,1.36,4.31,1.03,0.64
40,1.33,3.93,0.67,1.48,0.44,1.36,4.31,1.03,0.64
40.5,1.32,3.93,0.67,1.47,0.44,1.35,4.31,1.02,0.64
41,1.32,3.92,0.67,1.47,0.44,1.35,4.31,1.02,0.64
41.5,1.31,3.91,0.67,1.47,0.44,1.35,4.32,1.01,0.64
42,1.31,3.91,0.67,1.47,0.44,1.34,4.32,1.01,0.64
42.5,1.3,3.9,0.67,1.47,0.44,1.34,4.32,1,0.64
43,1.29,3.89,0.66,1.47,0.44,1.33,4.32,1,0.63
43.5,1.29,3.88,0.66,1.48,0.44,1.32,4.32,1,0.63
44,1.28,3.87,0.66,1.48,0.44,1.32,4.32,0.99,0.63
44.5,1.28,3.86,0.66,1.48,0.44,1.31,4.32,0.99,0.63
45,1.27,3.85,0.66,1.48,0.44,1.3,4.32,0.98,0.63
45.5,1.27,3.84,0.66,1.49,0.44,1.29,4.32,0.98,0.63
46,1.26,3.83,0.66,1.49,0.44,1.29,4.32,0.98,0.63
46.5,1.26,3.82,0.65,1.49,0.44,1.28,4.32,0.97,0.62
47,1.25,3.81,0.65,1.49,0.44,1.27,4.32,0.97,0.62
47.5,1.25,3.81,0.65,1.49,0.44,1.27,4.32,0.96,0.62
48,1.24,3.8,0.65,1.49,0.44,1.26,4.31,0.96,0.62
48.5,1.24,3.79,0.65,1.49,0.44,1.26,4.31,0.96,0.62
49,1.23,3.78,0.65,1.49,0.44,1.25,4.31,0.95,0.62
49.5,1.23,3.77,0.65,1.49,0.44,1.25,4.31,0.95,0.61
50,1.22,3.76,0.64,1.49,0.44,1.24,4.31,0.95,0.61
50.5,1.22,3.76,0.64,1.49,0.44,1.24,4.31,0.94,0.61
51,1.21,3.75,0.64,1.49,0.44,1.24,4.31,0.94,0.61
51.5,1.21,3.74,0.64,1.48,0.44,1.23,4.31,0.94,0.61
52,1.2,3.74,0.64,1.48,0.44,1.23,4.31,0.93,0.61
52.5,1.19,3.73,0.64,1.48,0.44,1.23,4.31,0.93,0.61
53,1.19,3.73,0.64,1.48,0.44,1.23,4.31,0.93,0.61
53.5,1.18,3.72,0.64,1.48,0.44,1.22,4.31,0.93,0.61
54,1.18,3.72,0.64,1.48,0.44,1.22,4.31,0.92,0.61
54.5,1.17,3.71,0.64,1.48,0.44,1.22,4.31,0.92,0.6
55,1.17,3.71,0.63,1.48,0.44,1.22,4.31,0.92,0.6
55.5,1.16,3.7,0.63,1.48,0.44,1.22,4.31,0.91,0.6
56,1.16,3.7,0.63,1.48,0.44,1.21,4.31,0.91,0.6
56.5,1.15,3.69,0.63,1.48,0.44,1.21,4.31,0.91,0.6
57,1.15,3.69,0.63,1.48,0.44,1.21,4.3,0.91,0.6
57.5,1.14,3.68,0.63,1.48,0.44,1.21,4.3,0.91,0.6
58,1.14,3.68,0.63,1.48,0.44,1.21,4.3,0.9,0.6
58.5,1.13,3.67,0.63,1.48,0.44,1.21,4.3,0.9,0.6
59,1.13,3.67,0.63,1.47,0.44,1.2,4.3,0.9,0.6
59.5,1.12,3.67,0.63,1.47,0.44,1.2,4.3,0.9,0.6
60,1.12,3.66,0.63,1.47,0.44,1.2,4.3,0.9,0.6
60.5,1.11,3.66,0.63,1.47,0.44,1.2,4.3,0.89,0.6
61,1.11,3.65,0.63,1.47,0.44,1.2,4.3,0.89,0.6
61.5,1.1,3.65,0.62,1.47,0.44,1.2,4.29,0.89,0.59
62,1.1,3.65,0.62,1.47,0.44,1.2,4.29,0.89,0.59
62.5,1.09,3.64,0.62,1.47,0.44,1.2,4.29,0.89,0.59
63,1.09,3.64,0.62,1.47,0.44,1.2,4.29,0.89,0.59
63.5,1.08,3.64,0.62,1.47,0.44,1.2,4.29,0.88,0.59
64,1.08,3.63,0.62,1.47,0.44,1.2,4.29,0.88,0.59
64.5,1.07,3.63,0.62,1.46,0.44,1.2,4.29,0.88,0.59
65,1.07,3.63,0.62,1.46,0.44,1.2,4.28,0.88,0.59
65.5,1.06,3.62,0.62,1.46,0.44,1.2,4.28,0.88,0.59
66,1.06,3.62,0.62,1.46,0.44,1.2,4.28,0.88,0.59
66.5,1.05,3.62,0.62,1.46,0.44,1.2,4.28,0.88,0.59
67,1.04,3.61,0.62,1.46,0.44,1.2,4.28,0.87,0.59
67.5,1.04,3.61,0.62,1.46,0.44,1.2,4.28,0.87,0.59
68,1.03,3.61,0.62,1.46,0.44,1.2,4.27,0.87,0.59
68.5,1.03,3.61,0.62,1.46,0.44,1.2,4.27,0.87,0.59
69,1.02,3.6,0.62,1.45,0.44,1.2,4.27,0.87,0.59
69.5,1.02,3.6,0.62,1.45,0.44,1.2,4.27,0.87,0.59
70,1.01,3.6,0.62,1.45,0.44,1.2,4.27,0.87,0.59
70.5,1.01,3.6,0.62,1.45,0.44,1.2,4.27,0.87,0.59
71,1,3.59,0.62,1.45,0.44,1.2,4.26,0.87,0.59
71.5,1,3.59,0.62,1.45,0.44,1.2,4.26,0.86,0.59
72,0.99,3.59,0.61,1.45,0.44,1.2,4.26,0.86,0.58
72.5,0.99,3.59,0.61,1.45,0.44,1.2,4.26,0.86,0.58
73,0.98,3.58,0.61,1.45,0.44,1.2,4.26,0.86,0.58
73.5,0.98,3.58,0.61,1.44,0.44,1.2,4.25,0.86,0.58
74,0.97,3.58,0.61,1.44,0.44,1.2,4.25,0.86,0.58
74.5,0.97,3.58,0.61,1.44,0.44,1.21,4.25,0.86,0.58
75,0.97,3.58,0.61,1.44,0.44,1.21,4.25,0.86,0.58
75.5,0.96,3.57,0.61,1.44,0.44,1.21,4.25,0.86,0.58
76,0.96,3.57,0.61,1.44,0.44,1.21,4.24,0.86,0.58
76.5,0.95,3.57,0.61,1.44,0.44,1.21,4.24,0.86,0.58
77,0.95,3.57,0.61,1.44,0.44,1.21,4.24,0.86,0.58
77.5,0.94,3.57,0.61,1.43,0.44,1.21,4.24,0.86,0.58
78,0.94,3.56,0.61,1.43,0.44,1.21,4.24,0.85,0.58
78.5,0.93,3.56,0.61,1.43,0.44,1.21,4.23,0.85,0.58
79,0.93,3.56,0.61,1.43,0.44,1.22,4.23,0.85,0.58
79.5,0.92,3.56,0.61,1.43,0.44,1.22,4.23,0.85,0.58
80,0.92,3.56,0.61,1.43,0.44,1.22,4.23,0.85,0.58
80.5,0.91,3.56,0.61,1.43,0.44,1.22,4.23,0.85,0.58
81,0.91,3.55,0.61,1.43,0.44,1.22,4.22,0.85,0.58
81.5,0.9,3.55,0.61,1.42,0.44,1.22,4.22,0.85,0.58
82,0.9,3.55,0.61,1.42,0.44,1.22,4.22,0.85,0.58
82.5,0.89,3.55,0.61,1.42,0.44,1.23,4.22,0.85,0.58
83,0.89,3.55,0.61,1.42,0.44,1.23,4.21,0.85,0.58
83.5,0.88,3.55,0.61,1.42,0.44,1.23,4.21,0.85,0.58
84,0.88,3.54,0.61,1.42,0.44,1.23,4.21,0.85,0.58
84.5,0.87,3.54,0.61,1.42,0.44,1.23,4.21,0.85,0.58
85,0.87,3.54,0.61,1.41,0.44,1.23,4.2,0.85,0.58
85.5,0.86,3.54,0.61,1.41,0.44,1.23,4.2,0.85,0.58
86,0.86,3.54,0.61,1.41,0.44,1.24,4.2,0.85,0.58
86.5,0.85,3.54,0.61,1.41,0.44,1.24,4.2,0.85,0.58
87,0.85,3.54,0.61,1.41,0.44,1.24,4.19,0.85,0.58
87.5,0.85,3.53,0.61,1.41,0.44,1.24,4.19,0.84,0.58
88,0.84,3.53,0.61,1.4,0.44,1.24,4.19,0.84,0.58
88.5,0.84,3.53,0.61,1.4,0.44,1.24,4.19,0.84,0.58
89,0.83,3.53,0.61,1.4,0.44,1.25,4.18,0.84,0.58
89.5,0.83,3.53,0.61,1.4,0.44,1.25,4.18,0.84,0.58
90,0.82,3.53,0.6,1.4,0.44,1.25,4.18,0.84,0.58
90.5,0.82,3.53,0.6,1.4,0.44,1.25,4.18,0.84,0.58
91,0.81,3.53,0.6,1.4,0.44,1.25,4.17,0.84,0.58
91.5,0.81,3.52,0.6,1.39,0.44,1.26,4.17,0.84,0.58
92,0.8,3.52,0.6,1.39,0.44,1.26,4.17,0.84,0.58
92.5,0.8,3.52,0.6,1.39,0.44,1.26,4.17,0.84,0.58
93,0.79,3.52,0.6,1.39,0.44,1.26,4.16,0.84,0.58
93.5,0.79,3.52,0.6,1.39,0.44,1.26,4.16,0.84,0.58
94,0.79,3.52,0.6,1.39,0.44,1.27,4.16,0.84,0.58
94.5,0.78,3.52,0.6,1.38,0.44,1.27,4.16,0.84,0.58
95,0.78,3.52,0.6,1.38,0.44,1.27,4.15,0.84,0.58
95.5,0.77,3.52,0.6,1.38,0.44,1.27,4.15,0.84,0.58
96,0.77,3.52,0.6,1.38,0.44,1.28,4.15,0.84,0.58
96.5,0.76,3.51,0.6,1.38,0.44,1.28,4.14,0.84,0.58
97,0.76,3.51,0.6,1.38,0.44,1.28,4.14,0.84,0.58
97.5,0.75,3.51,0.6,1.37,0.44,1.28,4.14,0.84,0.58
98,0.75,3.51,0.6,1.37,0.44,1.29,4.14,0.84,0.58
98.5,0.75,3.51,0.6,1.37,0.44,1.29,4.13,0.84,0.58
99,0.74,3.51,0.6,1.37,0.44,1.29,4.13,0.84,0.58
99.5,0.74,3.51,0.6,1.37,0.44,1.29,4.13,0.84,0.58
100,0.73,3.51,0.6,1.37,0.44,1.29,4.12,0.84,0.58
100.5,0.73,3.51,0.6,1.36,0.44,1.3,4.12,0.84,0.57
101,0.72,3.51,0.6,1.36,0.44,1.3,4.12,0.84,0.57
101.5,0.72,3.51,0.6,1.36,0.44,1.3,4.12,0.84,0.57
102,0.72,3.51,0.6,1.36,0.44,1.31,4.11,0.84,0.57
102.5,0.71,3.5,0.6,1.36,0.44,1.31,4.11,0.84,0.57
103,0.71,3.5,0.6,1.35,0.44,1.31,4.11,0.84,0.57
103.5,0.7,3.5,0.6,1.35,0.43,1.31,4.1,0.84,0.57
104,0.7,3.5,0.6,1.35,0.43,1.32,4.1,0.83,0.57
104.5,0.69,3.5,0.6,1.35,0.43,1.32,4.1,0.83,0.57
105,0.69,3.5,0.6,1.35,0.43,1.32,4.1,0.83,0.57
105.5,0.69,3.5,0.6,1.35,0.43,1.32,4.09,0.83,0.57
106,0.68,3.5,0.6,1.34,0.43,1.33,4.09,0.83,0.57
106.5,0.68,3.5,0.6,1.34,0.43,1.33,4.09,0.83,0.57
107,0.67,3.5,0.6,1.34,0.43,1.33,4.08,0.83,0.57
107.5,0.67,3.5,0.6,1.34,0.43,1.34,4.08,0.83,0.57
108,0.66,3.5,0.6,1.34,0.43,1.34,4.08,0.83,0.57
108.5,0.66,3.5,0.6,1.33,0.43,1.34,4.07,0.83,0.57
109,0.66,3.5,0.6,1.33,0.43,1.34,4.07,0.83,0.57
109.5,0.65,3.5,0.6,1.33,0.43,1.35,4.07,0.83,0.57
110,0.65,3.5,0.6,1.33,0.43,1.35,4.06,0.83,0.57
110.5,0.64,3.49,0.6,1.33,0.43,1.35,4.06,0.83,0.57
111,0.64,3.49,0.6,1.32,0.43,1.36,4.06,0.83,0.57
111.5,0.64,3.49,0.6,1.32,0.43,1.36,4.05,0.83,0.57
112,0.63,3.49,0.6,1.32,0.43,1.36,4.05,0.83,0.57
112.5,0.63,3.49,0.6,1.32,0.43,1.37,4.05,0.83,0.57
113,0.62,3.49,0.6,1.32,0.43,1.37,4.04,0.83,0.57
113.5,0.62,3.49,0.6,1.31,0.43,1.37,4.04,0.83,0.57
114,0.62,3.49,0.6,1.31,0.43,1.38,4.04,0.83,0.57
114.5,0.61,3.49,0.6,1.31,0.43,1.38,4.03,0.83,0.58
115,0.61,3.49,0.6,1.31,0.43,1.38,4.03,0.83,0.58
115.5,0.6,3.49,0.6,1.31,0.43,1.39,4.03,0.83,0.58
116,0.6,3.49,0.6,1.3,0.43,1.39,4.02,0.83,0.58
116.5,0.6,3.49,0.6,1.3,0.43,1.39,4.02,0.83,0.58
117,0.59,3.49,0.6,1.3,0.43,1.4,4.02,0.83,0.58
117.5,0.59,3.49,0.6,1.3,0.43,1.4,4.01,0.83,0.58
118,0.58,3.49,0.6,1.3,0.43,1.4,4.01,0.83,0.58
118.5,0.58,3.49,0.6,1.29,0.43,1.41,4.01,0.83,0.58
119,0.58,3.49,0.6,1.29,0.43,1.41,4,0.83,0.58
119.5,0.57,3.49,0.6,1.29,0.43,1.41,4,0.83,0.58
120,0.57,3.49,0.6,1.29,0.43,1.42,4,0.83,0.58
120.5,0.57,3.49,0.6,1.28,0.43,1.42,3.99,0.83,0.58
121,0.56,3.49,0.6,1.28,0.43,1.43,3.99,0.83,0.58
121.5,0.56,3.49,0.6,1.28,0.43,1.43,3.99,0.83,0.58
122,0.55,3.49,0.6,1.28,0.43,1.43,3.98,0.83,0.58
122.5,0.55,3.49,0.6,1.28,0.43,1.44,3.98,0.83,0.58
123,0.55,3.49,0.6,1.27,0.43,1.44,3.98,0.83,0.58
123.5,0.54,3.49,0.6,1.27,0.43,1.44,3.97,0.83,0.58
124,0.54,3.49,0.6,1.27,0.43,1.45,3.97,0.83,0.58
124.5,0.54,3.49,0.6,1.27,0.43,1.45,3.97,0.83,0.58
125,0.53,3.49,0.6,1.26,0.43,1.46,3.96,0.83,0.58
125.5,0.53,3.49,0.6,1.26,0.43,1.46,3.96,0.83,0.58
126,0.52,3.49,0.6,1.26,0.43,1.46,3.96,0.83,0.58
126.5,0.52,3.49,0.6,1.26,0.43,1.47,3.95,0.83,0.58
127,0.52,3.49,0.6,1.26,0.43,1.47,3.95,0.83,0.58
127.5,0.51,3.49,0.6,1.25,0.43,1.48,3.94,0.83,0.58
128,0.51,3.49,0.6,1.25,0.43,1.48,3.94,0.83,0.58
128.5,0.51,3.49,0.6,1.25,0.43,1.48,3.94,0.83,0.58
129,0.5,3.49,0.6,1.25,0.43,1.49,3.93,0.83,0.58
129.5,0.5,3.49,0.6,1.24,0.43,1.49,3.93,0.83,0.58
130,0.5,3.49,0.6,1.24,0.43,1.5,3.93,0.83,0.58
130.5,0.49,3.49,0.6,1.24,0.43,1.5,3.92,0.83,0.58
131,0.49,3.49,0.6,1.24,0.43,1.51,3.92,0.83,0.58
131.5,0.49,3.49,0.6,1.23,0.43,1.51,3.91,0.83,0.58
132,0.48,3.49,0.6,1.23,0.43,1.51,3.91,0.83,0.58
132.5,0.48,3.49,0.6,1.23,0.43,1.52,3.91,0.83,0.58
133,0.48,3.49,0.6,1.23,0.43,1.52,3.9,0.83,0.58
133.5,0.47,3.49,0.6,1.22,0.43,1.53,3.9,0.83,0.58
134,0.47,3.49,0.6,1.22,0.43,1.53,3.9,0.83,0.58
134.5,0.46,3.49,0.6,1.22,0.42,1.54,3.89,0.83,0.58
135,0.46,3.49,0.6,1.22,0.42,1.54,3.89,0.83,0.58
135.5,0.46,3.49,0.6,1.21,0.42,1.55,3.88,0.83,0.58
136,0.45,3.49,0.6,1.21,0.42,1.55,3.88,0.83,0.58
136.5,0.45,3.49,0.6,1.21,0.42,1.56,3.88,0.83,0.58
137,0.45,3.49,0.6,1.21,0.42,1.56,3.87,0.83,0.58
137.5,0.44,3.49,0.6,1.2,0.42,1.57,3.87,0.83,0.58
138,0.44,3.49,0.6,1.2,0.42,1.57,3.86,0.83,0.58
138.5,0.44,3.49,0.6,1.2,0.42,1.58,3.86,0.83,0.58
139,0.44,3.49,0.6,1.2,0.42,1.58,3.86,0.83,0.58
139.5,0.43,3.49,0.6,1.19,0.42,1.59,3.85,0.83,0.58
140,0.43,3.49,0.6,1.19,0.42,1.59,3.85,0.83,0.58
140.5,0.43,3.49,0.6,1.19,0.42,1.6,3.84,0.83,0.58
141,0.42,3.49,0.6,1.19,0.42,1.6,3.84,0.83,0.58
141.5,0.42,3.49,0.6,1.18,0.42,1.61,3.84,0.83,0.58
142,0.42,3.49,0.6,1.18,0.42,1.61,3.83,0.83,0.58
142.5,0.41,3.49,0.6,1.18,0.42,1.62,3.83,0.83,0.58
143,0.41,3.49,0.6,1.18,0.42,1.62,3.82,0.83,0.58
143.5,0.41,3.49,0.6,1.17,0.42,1.63,3.82,0.83,0.58
144,0.4,3.49,0.6,1.17,0.42,1.63,3.82,0.83,0.58
144.5,0.4,3.49,0.6,1.17,0.42,1.64,3.81,0.83,0.58
145,0.4,3.49,0.6,1.16,0.42,1.64,3.81,0.83,0.58
145.5,0.39,3.49,0.6,1.16,0.42,1.65,3.8,0.83,0.58
146,0.39,3.49,0.6,1.16,0.42,1.65,3.8,0.83,0.58
146.5,0.39,3.49,0.6,1.16,0.42,1.66,3.79,0.83,0.58
147,0.39,3.49,0.6,1.15,0.42,1.66,3.79,0.83,0.58
147.5,0.38,3.49,0.6,1.15,0.42,1.67,3.79,0.83,0.58
148,0.38,3.49,0.6,1.15,0.42,1.68,3.78,0.83,0.58
148.5,0.38,3.49,0.6,1.15,0.42,1.68,3.78,0.83,0.59
149,0.37,3.49,0.6,1.14,0.42,1.69,3.77,0.83,0.59
149.5,0.37,3.5,0.6,1.14,0.42,1.69,3.77,0.83,0.59
150,0.37,3.5,0.6,1.14,0.42,1.7,3.77,0.83,0.59
150.5,0.37,3.5,0.6,1.13,0.42,1.7,3.76,0.83,0.59
151,0.36,3.5,0.6,1.13,0.42,1.71,3.76,0.83,0.59
151.5,0.36,3.5,0.6,1.13,0.42,1.72,3.75,0.83,0.59
152,0.36,3.5,0.6,1.13,0.42,1.72,3.75,0.83,0.59
152.5,0.35,3.5,0.6,1.12,0.41,1.73,3.74,0.83,0.59
153,0.35,3.5,0.6,1.12,0.41,1.73,3.74,0.83,0.59
153.5,0.35,3.5,0.6,1.12,0.41,1.74,3.74,0.83,0.59
154,0.35,3.5,0.6,1.11,0.41,1.75,3.73,0.83,0.59
154.5,0.34,3.5,0.6,1.11,0.41,1.75,3.73,0.83,0.59
155,0.34,3.5,0.6,1.11,0.41,1.76,3.72,0.83,0.59
155.5,0.34,3.5,0.6,1.11,0.41,1.76,3.72,0.83,0.59
156,0.33,3.5,0.6,1.1,0.41,1.77,3.71,0.83,0.59
156.5,0.33,3.5,0.6,1.1,0.41,1.78,3.71,0.83,0.59
157,0.33,3.5,0.6,1.1,0.41,1.78,3.7,0.83,0.59
157.5,0.33,3.5,0.6,1.09,0.41,1.79,3.7,0.83,0.59
158,0.32,3.5,0.6,1.09,0.41,1.79,3.7,0.83,0.59
158.5,0.32,3.51,0.6,1.09,0.41,1.8,3.69,0.83,0.59
159,0.32,3.51,0.6,1.08,0.41,1.81,3.69,0.83,0.59
159.5,0.32,3.51,0.6,1.08,0.41,1.81,3.68,0.83,0.59
160,0.31,3.51,0.6,1.08,0.41,1.82,3.68,0.83,0.59
160.5,0.31,3.51,0.6,1.08,0.41,1.83,3.67,0.83,0.59
161,0.31,3.51,0.6,1.07,0.41,1.83,3.67,0.83,0.59
161.5,0.31,3.51,0.6,1.07,0.41,1.84,3.66,0.83,0.59
162,0.3,3.51,0.6,1.07,0.41,1.85,3.66,0.83,0.59
162.5,0.3,3.51,0.6,1.06,0.41,1.85,3.66,0.83,0.59
163,0.3,3.51,0.6,1.06,0.41,1.86,3.65,0.83,0.59
163.5,0.3,3.51,0.6,1.06,0.41,1.87,3.65,0.83,0.59
164,0.29,3.51,0.6,1.05,0.41,1.87,3.64,0.83,0.59
164.5,0.29,3.51,0.6,1.05,0.41,1.88,3.64,0.83,0.59
165,0.29,3.51,0.6,1.05,0.41,1.89,3.63,0.83,0.59
165.5,0.29,3.52,0.6,1.04,0.41,1.89,3.63,0.83,0.6
166,0.28,3.52,0.6,1.04,0.4,1.9,3.62,0.83,0.6
166.5,0.28,3.52,0.61,1.04,0.4,1.91,3.62,0.83,0.6
167,0.28,3.52,0.61,1.03,0.4,1.91,3.61,0.83,0.6
167.5,0.28,3.52,0.61,1.03,0.4,1.92,3.61,0.83,0.6
168,0.27,3.52,0.61,1.03,0.4,1.93,3.61,0.83,0.6
168.5,0.27,3.52,0.61,1.02,0.4,1.94,3.6,0.83,0.6
169,0.27,3.52,0.61,1.02,0.4,1.94,3.6,0.83,0.6
169.5,0.27,3.52,0.61,1.02,0.4,1.95,3.59,0.83,0.6
170,0.27,3.52,0.61,1.01,0.4,1.96,3.59,0.83,0.6
170.5,0.26,3.52,0.61,1.01,0.4,1.96,3.58,0.83,0.6
171,0.26,3.52,0.61,1.01,0.4,1.97,3.58,0.83,0.6
171.5,0.26,3.53,0.61,1.01,0.4,1.98,3.57,0.83,0.6
172,0.26,3.53,0.61,1,0.4,1.99,3.57,0.83,0.6
172.5,0.25,3.53,0.61,1,0.4,1.99,3.56,0.83,0.6
173,0.25,3.53,0.61,1,0.4,2,3.56,0.83,0.6
173.5,0.25,3.53,0.61,0.99,0.4,2.01,3.55,0.83,0.6
174,0.25,3.53,0.61,0.99,0.4,2.02,3.55,0.83,0.6
174.5,0.25,3.53,0.61,0.99,0.4,2.02,3.54,0.83,0.6
175,0.24,3.53,0.61,0.98,0.4,2.03,3.54,0.83,0.6
175.5,0.24,3.53,0.61,0.98,0.4,2.04,3.54,0.83,0.6
176,0.24,3.53,0.61,0.98,0.4,2.05,3.53,0.84,0.6
176.5,0.24,3.53,0.61,0.97,0.4,2.05,3.53,0.84,0.6
177,0.24,3.53,0.61,0.97,0.39,2.06,3.52,0.84,0.6
177.5,0.23,3.54,0.61,0.97,0.39,2.07,3.52,0.84,0.6
178,0.23,3.54,0.61,0.96,0.39,2.08,3.51,0.84,0.6
178.5,0.23,3.54,0.61,0.96,0.39,2.08,3.51,0.84,0.6
179,0.23,3.54,0.61,0.95,0.39,2.09,3.5,0.84,0.61
179.5,0.23,3.54,0.61,0.95,0.39,2.1,3.5,0.84,0.61
180,0.22,3.54,0.61,0.95,0.39,2.11,3.49,0.84,0.61
180.5,0.22,3.54,0.61,0.94,0.39,2.11,3.49,0.84,0.61
181,0.22,3.54,0.61,0.94,0.39,2.12,3.48,0.84,0.61
181.5,0.22,3.54,0.61,0.94,0.39,2.13,3.48,0.84,0.61
182,0.22,3.54,0.61,0.93,0.39,2.14,3.47,0.84,0.61
182.5,0.21,3.54,0.61,0.93,0.39,2.15,3.47,0.84,0.61
183,0.21,3.55,0.61,0.93,0.39,2.15,3.46,0.84,0.61
183.5,0.21,3.55,0.61,0.92,0.39,2.16,3.46,0.84,0.61
184,0.21,3.55,0.61,0.92,0.39,2.17,3.45,0.84,0.61
184.5,0.21,3.55,0.61,0.92,0.39,2.18,3.45,0.84,0.61
185,0.21,3.55,0.61,0.91,0.39,2.18,3.44,0.84,0.61
185.5,0.2,3.55,0.61,0.91,0.39,2.19,3.44,0.84,0.61
186,0.2,3.55,0.61,0.91,0.38,2.2,3.44,0.84,0.61
186.5,0.2,3.55,0.61,0.9,0.38,2.21,3.43,0.84,0.61
187,0.2,3.55,0.61,0.9,0.38,2.22,3.43,0.84,0.61
187.5,0.2,3.55,0.61,0.9,0.38,2.22,3.42,0.84,0.61
188,0.19,3.56,0.61,0.89,0.38,2.23,3.42,0.84,0.61
188.5,0.19,3.56,0.61,0.89,0.38,2.24,3.41,0.84,0.61
189,0.19,3.56,0.61,0.89,0.38,2.25,3.41,0.84,0.61
189.5,0.19,3.56,0.61,0.88,0.38,2.26,3.4,0.84,0.61
190,0.19,3.56,0.61,0.88,0.38,2.26,3.4,0.84,0.61
190.5,0.19,3.56,0.61,0.88,0.38,2.27,3.39,0.84,0.61
191,0.18,3.56,0.61,0.87,0.38,2.28,3.39,0.84,0.62
191.5,0.18,3.56,0.61,0.87,0.38,2.29,3.38,0.84,0.62
192,0.18,3.56,0.61,0.86,0.38,2.3,3.38,0.84,0.62
192.5,0.18,3.56,0.61,0.86,0.38,2.3,3.37,0.84,0.62
193,0.18,3.56,0.61,0.86,0.38,2.31,3.37,0.84,0.62
193.5,0.18,3.57,0.61,0.85,0.38,2.32,3.36,0.84,0.62
194,0.18,3.57,0.61,0.85,0.38,2.33,3.36,0.84,0.62
194.5,0.17,3.57,0.61,0.85,0.37,2.34,3.35,0.84,0.62
195,0.17,3.57,0.61,0.84,0.37,2.34,3.35,0.84,0.62
195.5,0.17,3.57,0.61,0.84,0.37,2.35,3.34,0.84,0.62
196,0.17,3.57,0.61,0.84,0.37,2.36,3.34,0.84,0.62
196.5,0.17,3.57,0.61,0.83,0.37,2.37,3.33,0.84,0.62
197,0.17,3.57,0.61,0.83,0.37,2.38,3.33,0.84,0.62
197.5,0.17,3.57,0.62,0.83,0.37,2.38,3.32,0.84,0.62
198,0.16,3.57,0.62,0.82,0.37,2.39,3.32,0.84,0.62
198.5,0.16,3.57,0.62,0.82,0.37,2.4,3.32,0.84,0.62
199,0.16,3.57,0.62,0.82,0.37,2.41,3.31,0.84,0.62
199.5,0.16,3.58,0.62,0.81,0.37,2.42,3.31,0.84,0.62
200,0.16,3.58,0.62,0.81,0.37,2.42,3.3,0.84,0.62
200.5,0.16,3.58,0.62,0.81,0.37,2.43,3.3,0.84,0.62
201,0.16,3.58,0.62,0.8,0.37,2.44,3.29,0.84,0.62
201.5,0.15,3.58,0.62,0.8,0.37,2.45,3.29,0.84,0.62
202,0.15,3.58,0.62,0.79,0.36,2.46,3.28,0.84,0.62
202.5,0.15,3.58,0.62,0.79,0.36,2.46,3.28,0.84,0.62
203,0.15,3.58,0.62,0.79,0.36,2.47,3.27,0.84,0.63
203.5,0.15,3.58,0.62,0.78,0.36,2.48,3.27,0.84,0.63
204,0.15,3.58,0.62,0.78,0.36,2.49,3.26,0.84,0.63
204.5,0.15,3.58,0.62,0.78,0.36,2.49,3.26,0.84,0.63
205,0.15,3.58,0.62,0.77,0.36,2.5,3.25,0.84,0.63
205.5,0.14,3.58,0.62,0.77,0.36,2.51,3.25,0.84,0.63
206,0.14,3.58,0.62,0.77,0.36,2.52,3.25,0.85,0.63
206.5,0.14,3.59,0.62,0.76,0.36,2.53,3.24,0.85,0.63
207,0.14,3.59,0.62,0.76,0.36,2.53,3.24,0.85,0.63
207.5,0.14,3.59,0.62,0.76,0.36,2.54,3.23,0.85,0.63
208,0.14,3.59,0.62,0.75,0.36,2.55,3.23,0.85,0.63
208.5,0.14,3.59,0.62,0.75,0.36,2.56,3.22,0.85,0.63
209,0.14,3.59,0.62,0.75,0.36,2.56,3.22,0.85,0.63
209.5,0.13,3.59,0.62,0.74,0.35,2.57,3.21,0.85,0.63
210,0.13,3.59,0.62,0.74,0.35,2.58,3.21,0.85,0.63
210.5,0.13,3.59,0.62,0.74,0.35,2.59,3.2,0.85,0.63
211,0.13,3.59,0.62,0.73,0.35,2.59,3.2,0.85,0.63
211.5,0.13,3.59,0.62,0.73,0.35,2.6,3.2,0.85,0.63
212,0.13,3.59,0.62,0.73,0.35,2.61,3.19,0.85,0.63
212.5,0.13,3.59,0.62,0.72,0.35,2.61,3.19,0.85,0.63
213,0.13,3.59,0.62,0.72,0.35,2.62,3.18,0.85,0.63
213.5,0.13,3.59,0.62,0.72,0.35,2.63,3.18,0.85,0.63
214,0.13,3.59,0.62,0.71,0.35,2.64,3.17,0.85,0.63
214.5,0.12,3.59,0.62,0.71,0.35,2.64,3.17,0.85,0.63
215,0.12,3.6,0.62,0.71,0.35,2.65,3.16,0.85,0.63
215.5,0.12,3.6,0.62,0.7,0.35,2.66,3.16,0.85,0.63
216,0.12,3.6,0.62,0.7,0.35,2.66,3.16,0.85,0.64
216.5,0.12,3.6,0.62,0.7,0.34,2.67,3.15,0.85,0.64
217,0.12,3.6,0.62,0.69,0.34,2.68,3.15,0.85,0.64
217.5,0.12,3.6,0.62,0.69,0.34,2.69,3.14,0.85,0.64
218,0.12,3.6,0.62,0.69,0.34,2.69,3.14,0.85,0.64
218.5,0.12,3.6,0.62,0.68,0.34,2.7,3.13,0.85,0.64
219,0.12,3.6,0.62,0.68,0.34,2.71,3.13,0.85,0.64
219.5,0.11,3.6,0.62,0.68,0.34,2.71,3.13,0.85,0.64
220,0.11,3.6,0.62,0.67,0.34,2.72,3.12,0.85,0.64
220.5,0.11,3.6,0.62,0.67,0.34,2.73,3.12,0.85,0.64
221,0.11,3.6,0.62,0.67,0.34,2.73,3.11,0.85,0.64
221.5,0.11,3.6,0.62,0.67,0.34,2.74,3.11,0.85,0.64
222,0.11,3.6,0.62,0.66,0.34,2.75,3.1,0.85,0.64
222.5,0.11,3.6,0.62,0.66,0.34,2.75,3.1,0.85,0.64
223,0.11,3.6,0.62,0.66,0.34,2.76,3.1,0.85,0.64
223.5,0.11,3.6,0.62,0.65,0.34,2.76,3.09,0.85,0.64
224,0.11,3.6,0.62,0.65,0.33,2.77,3.09,0.85,0.64
224.5,0.11,3.6,0.62,0.65,0.33,2.78,3.08,0.85,0.64
225,0.11,3.6,0.62,0.64,0.33,2.78,3.08,0.85,0.64
225.5,0.1,3.6,0.62,0.64,0.33,2.79,3.08,0.85,0.64
226,0.1,3.6,0.62,0.64,0.33,2.8,3.07,0.85,0.64
226.5,0.1,3.6,0.62,0.63,0.33,2.8,3.07,0.85,0.64
227,0.1,3.6,0.62,0.63,0.33,2.81,3.06,0.85,0.64
227.5,0.1,3.6,0.62,0.63,0.33,2.81,3.06,0.85,0.64
228,0.1,3.6,0.62,0.63,0.33,2.82,3.06,0.85,0.64
228.5,0.1,3.6,0.62,0.62,0.33,2.82,3.05,0.85,0.64
229,0.1,3.6,0.62,0.62,0.33,2.83,3.05,0.85,0.64
229.5,0.1,3.6,0.62,0.62,0.33,2.84,3.04,0.85,0.64
230,0.1,3.6,0.62,0.61,0.33,2.84,3.04,0.85,0.64
230.5,0.1,3.6,0.62,0.61,0.33,2.85,3.04,0.85,0.64
231,0.1,3.6,0.62,0.61,0.32,2.85,3.03,0.85,0.64
231.5,0.1,3.6,0.62,0.61,0.32,2.86,3.03,0.85,0.64
232,0.1,3.6,0.62,0.6,0.32,2.86,3.03,0.85,0.65
232.5,0.09,3.6,0.62,0.6,0.32,2.87,3.02,0.85,0.65
233,0.09,3.6,0.62,0.6,0.32,2.87,3.02,0.85,0.65
233.5,0.09,3.6,0.62,0.6,0.32,2.88,3.01,0.85,0.65
234,0.09,3.6,0.62,0.59,0.32,2.88,3.01,0.85,0.65
234.5,0.09,3.6,0.62,0.59,0.32,2.89,3.01,0.85,0.65
235,0.09,3.6,0.62,0.59,0.32,2.89,3,0.85,0.65
235.5,0.09,3.6,0.62,0.58,0.32,2.9,3,0.85,0.65
236,0.09,3.6,0.62,0.58,0.32,2.9,3,0.85,0.65
236.5,0.09,3.6,0.62,0.58,0.32,2.91,2.99,0.85,0.65
237,0.09,3.6,0.62,0.58,0.32,2.91,2.99,0.85,0.65
237.5,0.09,3.6,0.62,0.57,0.32,2.92,2.99,0.85,0.65
238,0.09,3.6,0.62,0.57,0.32,2.92,2.98,0.85,0.65
238.5,0.09,3.6,0.62,0.57,0.31,2.93,2.98,0.85,0.65
239,0.09,3.6,0.62,0.57,0.31,2.93,2.98,0.85,0.65
239.5,0.09,3.6,0.62,0.56,0.31,2.94,2.97,0.85,0.65
240,0.09,3.6,0.62,0.56,0.31,2.94,2.97,0.85,0.65
240.5,0.09,3.6,0.62,0.56,0.31,2.95,2.97,0.85,0.65
241,0.08,3.6,0.62,0.56,0.31,2.95,2.96,0.85,0.65
241.5,0.08,3.6,0.62,0.55,0.31,2.96,2.96,0.85,0.65
242,0.08,3.6,0.62,0.55,0.31,2.96,2.96,0.85,0.65
242.5,0.08,3.6,0.62,0.55,0.31,2.96,2.95,0.85,0.65
243,0.08,3.6,0.62,0.55,0.31,2.97,2.95,0.85,0.65
243.5,0.08,3.6,0.62,0.55,0.31,2.97,2.95,0.85,0.65
244,0.08,3.6,0.62,0.54,0.31,2.98,2.94,0.85,0.65
244.5,0.08,3.6,0.62,0.54,0.31,2.98,2.94,0.85,0.65
245,0.08,3.6,0.62,0.54,0.31,2.98,2.94,0.85,0.65
245.5,0.08,3.6,0.62,0.54,0.31,2.99,2.93,0.85,0.65
246,0.08,3.6,0.62,0.53,0.31,2.99,2.93,0.85,0.65
246.5,0.08,3.6,0.62,0.53,0.31,3,2.93,0.85,0.65
247,0.08,3.6,0.62,0.53,0.3,3,2.92,0.85,0.65
247.5,0.08,3.6,0.62,0.53,0.3,3,2.92,0.85,0.65
248,0.08,3.6,0.62,0.53,0.3,3.01,2.92,0.85,0.65
248.5,0.08,3.6,0.62,0.52,0.3,3.01,2.92,0.85,0.65
249,0.08,3.6,0.62,0.52,0.3,3.01,2.91,0.85,0.65
249.5,0.08,3.6,0.62,0.52,0.3,3.02,2.91,0.85,0.65
250,0.08,3.59,0.62,0.52,0.3,3.02,2.91,0.85,0.65
250.5,0.08,3.59,0.62,0.52,0.3,3.02,2.9,0.85,0.65
251,0.08,3.59,0.62,0.51,0.3,3.03,2.9,0.85,0.65
251.5,0.08,3.59,0.62,0.51,0.3,3.03,2.9,0.85,0.65
252,0.07,3.59,0.62,0.51,0.3,3.03,2.9,0.85,0.65
252.5,0.07,3.59,0.62,0.51,0.3,3.04,2.89,0.85,0.65
253,0.07,3.59,0.62,0.51,0.3,3.04,2.89,0.85,0.65
253.5,0.07,3.59,0.62,0.5,0.3,3.04,2.89,0.85,0.65
254,0.07,3.59,0.62,0.5,0.3,3.04,2.88,0.85,0.65
254.5,0.07,3.59,0.62,0.5,0.3,3.05,2.88,0.85,0.65
255,0.07,3.59,0.62,0.5,0.3,3.05,2.88,0.85,0.65
255.5,0.07,3.59,0.62,0.5,0.3,3.05,2.88,0.85,0.65
256,0.07,3.59,0.62,0.49,0.29,3.06,2.87,0.85,0.65
256.5,0.07,3.59,0.62,0.49,0.29,3.06,2.87,0.85,0.65
257,0.07,3.59,0.62,0.49,0.29,3.06,2.87,0.85,0.65
257.5,0.07,3.59,0.62,0.49,0.29,3.06,2.87,0.85,0.65
258,0.07,3.59,0.62,0.49,0.29,3.07,2.86,0.85,0.65
258.5,0.07,3.59,0.62,0.49,0.29,3.07,2.86,0.85,0.65
259,0.07,3.59,0.62,0.48,0.29,3.07,2.86,0.85,0.65
259.5,0.07,3.59,0.62,0.48,0.29,3.07,2.86,0.85,0.65
260,0.07,3.58,0.62,0.48,0.29,3.08,2.86,0.85,0.65
260.5,0.07,3.58,0.62,0.48,0.29,3.08,2.85,0.85,0.65
261,0.07,3.58,0.62,0.48,0.29,3.08,2.85,0.85,0.65
261.5,0.07,3.58,0.62,0.47,0.29,3.08,2.85,0.85,0.65
262,0.07,3.58,0.62,0.47,0.29,3.08,2.85,0.85,0.65
262.5,0.07,3.58,0.62,0.47,0.29,3.09,2.84,0.85,0.65
263,0.07,3.58,0.62,0.47,0.29,3.09,2.84,0.85,0.65
263.5,0.07,3.58,0.62,0.47,0.29,3.09,2.84,0.85,0.65
264,0.07,3.58,0.62,0.47,0.29,3.09,2.84,0.85,0.65
264.5,0.07,3.58,0.62,0.47,0.29,3.09,2.83,0.85,0.65
265,0.07,3.58,0.62,0.46,0.29,3.1,2.83,0.85,0.65
265.5,0.07,3.58,0.62,0.46,0.29,3.1,2.83,0.85,0.65
266,0.07,3.58,0.62,0.46,0.28,3.1,2.83,0.85,0.65
266.5,0.07,3.58,0.62,0.46,0.28,3.1,2.83,0.85,0.65
267,0.07,3.58,0.62,0.46,0.28,3.1,2.82,0.85,0.65
267.5,0.06,3.58,0.62,0.46,0.28,3.1,2.82,0.85,0.65
268,0.06,3.58,0.62,0.46,0.28,3.11,2.82,0.85,0.65
268.5,0.06,3.57,0.62,0.45,0.28,3.11,2.82,0.85,0.65
269,0.06,3.57,0.62,0.45,0.28,3.11,2.82,0.85,0.65
269.5,0.06,3.57,0.62,0.45,0.28,3.11,2.81,0.85,0.65
270,0.06,3.57,0.62,0.45,0.28,3.11,2.81,0.85,0.65
270.5,0.06,3.57,0.62,0.45,0.28,3.11,2.81,0.85,0.65
271,0.06,3.57,0.62,0.45,0.28,3.11,2.81,0.85,0.65
271.5,0.06,3.57,0.62,0.45,0.28,3.12,2.81,0.85,0.65
272,0.06,3.57,0.62,0.44,0.28,3.12,2.81,0.85,0.65
272.5,0.06,3.57,0.62,0.44,0.28,3.12,2.8,0.85,0.65
273,0.06,3.57,0.62,0.44,0.28,3.12,2.8,0.85,0.65
273.5,0.06,3.57,0.61,0.44,0.28,3.12,2.8,0.85,0.65
274,0.06,3.57,0.61,0.44,0.28,3.12,2.8,0.85,0.65
274.5,0.06,3.57,0.61,0.44,0.28,3.12,2.8,0.85,0.65
275,0.06,3.57,0.61,0.44,0.28,3.12,2.79,0.85,0.65
275.5,0.06,3.57,0.61,0.44,0.28,3.13,2.79,0.85,0.65
276,0.06,3.57,0.61,0.43,0.28,3.13,2.79,0.85,0.65
276.5,0.06,3.56,0.61,0.43,0.28,3.13,2.79,0.84,0.65
277,0.06,3.56,0.61,0.43,0.28,3.13,2.79,0.84,0.65
277.5,0.06,3.56,0.61,0.43,0.28,3.13,2.79,0.84,0.65
278,0.06,3.56,0.61,0.43,0.28,3.13,2.79,0.84,0.65
278.5,0.06,3.56,0.61,0.43,0.28,3.13,2.78,0.84,0.65
279,0.06,3.56,0.61,0.43,0.27,3.13,2.78,0.84,0.65
279.5,0.06,3.56,0.61,0.43,0.27,3.13,2.78,0.84,0.65
280,0.06,3.56,0.61,0.43,0.27,3.13,2.78,0.84,0.65
280.5,0.06,3.56,0.61,0.42,0.27,3.13,2.78,0.84,0.65
281,0.06,3.56,0.61,0.42,0.27,3.13,2.78,0.84,0.65
281.5,0.06,3.56,0.61,0.42,0.27,3.14,2.77,0.84,0.65
282,0.06,3.56,0.61,0.42,0.27,3.14,2.77,0.84,0.65
282.5,0.06,3.56,0.61,0.42,0.27,3.14,2.77,0.84,0.65
283,0.06,3.56,0.61,0.42,0.27,3.14,2.77,0.84,0.65
283.5,0.06,3.55,0.61,0.42,0.27,3.14,2.77,0.84,0.65
284,0.06,3.55,0.61,0.42,0.27,3.14,2.77,0.84,0.65
284.5,0.06,3.55,0.61,0.42,0.27,3.14,2.77,0.84,0.65
285,0.06,3.55,0.61,0.42,0.27,3.14,2.77,0.84,0.65
285.5,0.06,3.55,0.61,0.41,0.27,3.14,2.76,0.84,0.65
286,0.06,3.55,0.61,0.41,0.27,3.14,2.76,0.84,0.65
286.5,0.06,3.55,0.61,0.41,0.27,3.14,2.76,0.84,0.65
287,0.06,3.55,0.61,0.41,0.27,3.14,2.76,0.84,0.65
287.5,0.06,3.55,0.61,0.41,0.27,3.14,2.76,0.84,0.65
288,0.06,3.55,0.61,0.41,0.27,3.14,2.76,0.84,0.65
288.5,0.06,3.55,0.61,0.41,0.27,3.14,2.76,0.84,0.65
289,0.06,3.55,0.61,0.41,0.27,3.14,2.76,0.84,0.65
289.5,0.06,3.55,0.61,0.41,0.27,3.14,2.75,0.84,0.65
290,0.06,3.55,0.61,0.41,0.27,3.14,2.75,0.84,0.65
290.5,0.06,3.55,0.61,0.41,0.27,3.14,2.75,0.84,0.65
291,0.06,3.54,0.61,0.4,0.27,3.14,2.75,0.84,0.65
291.5,0.06,3.54,0.61,0.4,0.27,3.14,2.75,0.84,0.65
292,0.06,3.54,0.61,0.4,0.27,3.14,2.75,0.84,0.65
292.5,0.06,3.54,0.61,0.4,0.27,3.14,2.75,0.84,0.65
293,0.06,3.54,0.61,0.4,0.27,3.14,2.75,0.84,0.65
293.5,0.06,3.54,0.61,0.4,0.27,3.14,2.75,0.84,0.65
294,0.06,3.54,0.61,0.4,0.27,3.14,2.74,0.84,0.65
294.5,0.06,3.54,0.61,0.4,0.27,3.14,2.74,0.84,0.65
295,0.06,3.54,0.61,0.4,0.27,3.14,2.74,0.84,0.65
295.5,0.06,3.54,0.61,0.4,0.27,3.14,2.74,0.84,0.65
296,0.06,3.54,0.61,0.4,0.26,3.14,2.74,0.84,0.65
296.5,0.05,3.54,0.61,0.4,0.26,3.14,2.74,0.84,0.65
297,0.05,3.54,0.61,0.4,0.26,3.14,2.74,0.84,0.65
297.5,0.05,3.54,0.61,0.39,0.26,3.14,2.74,0.84,0.65
298,0.05,3.53,0.61,0.39,0.26,3.14,2.74,0.84,0.65
298.5,0.05,3.53,0.61,0.39,0.26,3.14,2.74,0.84,0.65
299,0.05,3.53,0.61,0.39,0.26,3.14,2.73,0.84,0.65
299.5,0.05,3.53,0.61,0.39,0.26,3.14,2.73,0.84,0.65
300,0.05,3.53,0.61,0.39,0.26,3.14,2.73,0.84,0.65
300.5,0.05,3.53,0.61,0.39,0.26,3.14,2.73,0.84,0.65
301,0.05,3.53,0.61,0.39,0.26,3.14,2.73,0.84,0.65
301.5,0.05,3.53,0.61,0.39,0.26,3.14,2.73,0.84,0.65
302,0.05,3.53,0.61,0.39,0.26,3.14,2.73,0.84,0.65
302.5,0.05,3.53,0.61,0.39,0.26,3.14,2.73,0.84,0.65
303,0.05,3.53,0.61,0.39,0.26,3.14,2.73,0.84,0.65
303.5,0.05,3.53,0.61,0.39,0.26,3.14,2.73,0.84,0.65
304,0.05,3.53,0.61,0.39,0.26,3.14,2.73,0.84,0.65
304.5,0.05,3.53,0.61,0.39,0.26,3.14,2.73,0.84,0.65
305,0.05,3.53,0.61,0.38,0.26,3.14,2.72,0.84,0.65
305.5,0.05,3.52,0.61,0.38,0.26,3.14,2.72,0.84,0.65
306,0.05,3.52,0.61,0.38,0.26,3.14,2.72,0.84,0.65
306.5,0.05,3.52,0.61,0.38,0.26,3.14,2.72,0.84,0.65
307,0.05,3.52,0.61,0.38,0.26,3.14,2.72,0.84,0.65
307.5,0.05,3.52,0.61,0.38,0.26,3.14,2.72,0.84,0.65
308,0.05,3.52,0.61,0.38,0.26,3.14,2.72,0.84,0.65
308.5,0.05,3.52,0.61,0.38,0.26,3.14,2.72,0.84,0.65
309,0.05,3.52,0.61,0.38,0.26,3.14,2.72,0.84,0.65
309.5,0.05,3.52,0.61,0.38,0.26,3.14,2.72,0.84,0.65
310,0.05,3.52,0.61,0.38,0.26,3.14,2.72,0.84,0.65
310.5,0.05,3.52,0.61,0.38,0.26,3.14,2.72,0.84,0.65
311,0.05,3.52,0.61,0.38,0.26,3.14,2.72,0.84,0.65
311.5,0.05,3.52,0.61,0.38,0.26,3.14,2.72,0.84,0.65
312,0.05,3.52,0.61,0.38,0.26,3.14,2.72,0.84,0.65
312.5,0.05,3.52,0.61,0.38,0.26,3.14,2.71,0.84,0.65
313,0.05,3.52,0.61,0.38,0.26,3.14,2.71,0.84,0.65
313.5,0.05,3.51,0.61,0.38,0.26,3.13,2.71,0.84,0.65
314,0.05,3.51,0.61,0.38,0.26,3.13,2.71,0.84,0.65
314.5,0.05,3.51,0.61,0.37,0.26,3.13,2.71,0.84,0.65
315,0.05,3.51,0.61,0.37,0.26,3.13,2.71,0.84,0.65
315.5,0.05,3.51,0.61,0.37,0.26,3.13,2.71,0.83,0.65
316,0.05,3.51,0.61,0.37,0.26,3.13,2.71,0.83,0.65
316.5,0.05,3.51,0.61,0.37,0.26,3.13,2.71,0.83,0.65
317,0.05,3.51,0.61,0.37,0.26,3.13,2.71,0.83,0.65
317.5,0.05,3.51,0.6,0.37,0.26,3.13,2.71,0.83,0.65
318,0.05,3.51,0.6,0.37,0.26,3.13,2.71,0.83,0.65
318.5,0.05,3.51,0.6,0.37,0.26,3.13,2.71,0.83,0.65
319,0.05,3.51,0.6,0.37,0.26,3.13,2.71,0.83,0.65
319.5,0.05,3.51,0.6,0.37,0.26,3.13,2.71,0.83,0.65
320,0.05,3.51,0.6,0.37,0.26,3.13,2.71,0.83,0.65
